<?xml version="1.0" encoding="utf-8"?>
<edmx:Edmx Version="1.0" xmlns:edmx="http://schemas.microsoft.com/ado/2007/06/edmx" xmlns:m="http://schemas.microsoft.com/ado/2007/08/dataservices/metadata" xmlns:sap="http://www.sap.com/Protocols/SAPData">
    <edmx:Reference Uri="https://sap.github.io/odata-vocabularies/vocabularies/Common.xml" xmlns:edmx="http://docs.oasis-open.org/odata/ns/edmx">
        <edmx:Include Alias="Common" Namespace="com.sap.vocabularies.Common.v1"/>
    </edmx:Reference>
    <edmx:Reference Uri="https://oasis-tcs.github.io/odata-vocabularies/vocabularies/Org.OData.Core.V1.xml" xmlns:edmx="http://docs.oasis-open.org/odata/ns/edmx">
        <edmx:Include Alias="Core" Namespace="Org.OData.Core.V1"/>
    </edmx:Reference>
    <edmx:Reference Uri="https://sap.github.io/odata-vocabularies/vocabularies/UI.xml" xmlns:edmx="http://docs.oasis-open.org/odata/ns/edmx">
        <edmx:Include Alias="UI" Namespace="com.sap.vocabularies.UI.v1"/>
    </edmx:Reference>
    <edmx:DataServices m:DataServiceVersion="2.0">
        <Schema Namespace="CatalogService" xmlns="http://schemas.microsoft.com/ado/2008/09/edm">
            <EntityContainer Name="EntityContainer" m:IsDefaultEntityContainer="true">
                <EntitySet Name="Autors" EntityType="CatalogService.Autors"/>
                <EntitySet Name="Books" EntityType="CatalogService.Books"/>
                <EntitySet Name="Books_texts" EntityType="CatalogService.Books_texts"/>
                <EntitySet Name="Currencies" EntityType="CatalogService.Currencies"/>
                <EntitySet Name="Currencies_texts" EntityType="CatalogService.Currencies_texts"/>
                <AssociationSet Name="Books_author" Association="CatalogService.Books_author">
                    <End Role="Books" EntitySet="Books"/>
                    <End Role="Autors" EntitySet="Autors"/>
                </AssociationSet>
                <AssociationSet Name="Books_currency" Association="CatalogService.Books_currency">
                    <End Role="Books" EntitySet="Books"/>
                    <End Role="Currencies" EntitySet="Currencies"/>
                </AssociationSet>
                <AssociationSet Name="Books_texts_1" Association="CatalogService.Books_texts_1">
                    <End Role="Books" EntitySet="Books"/>
                    <End Role="Books_texts" EntitySet="Books_texts"/>
                </AssociationSet>
                <AssociationSet Name="Books_localized" Association="CatalogService.Books_localized">
                    <End Role="Books" EntitySet="Books"/>
                    <End Role="Books_texts" EntitySet="Books_texts"/>
                </AssociationSet>
                <AssociationSet Name="Currencies_texts_1" Association="CatalogService.Currencies_texts_1">
                    <End Role="Currencies" EntitySet="Currencies"/>
                    <End Role="Currencies_texts" EntitySet="Currencies_texts"/>
                </AssociationSet>
                <AssociationSet Name="Currencies_localized" Association="CatalogService.Currencies_localized">
                    <End Role="Currencies" EntitySet="Currencies"/>
                    <End Role="Currencies_texts" EntitySet="Currencies_texts"/>
                </AssociationSet>
            </EntityContainer>
            <EntityType Name="Autors">
                <Key>
                    <PropertyRef Name="ID"/>
                </Key>
                <Property Name="createdAt" Type="Edm.DateTimeOffset" Precision="7"/>
                <Property Name="createdBy" Type="Edm.String" MaxLength="255"/>
                <Property Name="modifiedAt" Type="Edm.DateTimeOffset" Precision="7"/>
                <Property Name="modifiedBy" Type="Edm.String" MaxLength="255"/>
                <Property Name="ID" Type="Edm.Int32" Nullable="false"/>
                <Property Name="name" Type="Edm.String" MaxLength="111"/>
                <Property Name="dateOfBirth" Type="Edm.DateTime" sap:display-format="Date"/>
                <Property Name="dateOfDeath" Type="Edm.DateTime" sap:display-format="Date"/>
                <Property Name="placeOfBirth" Type="Edm.String"/>
                <Property Name="placeOfDeath" Type="Edm.String"/>
                <NavigationProperty Name="books" Relationship="CatalogService.Books_author" FromRole="Autors" ToRole="Books"/>
            </EntityType>
            <EntityType Name="Books">
                <Key>
                    <PropertyRef Name="ID"/>
                </Key>
                <Property Name="createdAt" Type="Edm.DateTimeOffset" Precision="7"/>
                <Property Name="createdBy" Type="Edm.String" MaxLength="255"/>
                <Property Name="modifiedAt" Type="Edm.DateTimeOffset" Precision="7"/>
                <Property Name="modifiedBy" Type="Edm.String" MaxLength="255"/>
                <Property Name="ID" Type="Edm.Int32" Nullable="false"/>
                <Property Name="title" Type="Edm.String" MaxLength="111"/>
                <Property Name="descr" Type="Edm.String" MaxLength="1111"/>
                <NavigationProperty Name="author" Relationship="CatalogService.Books_author" FromRole="Books" ToRole="Autors"/>
                <Property Name="stock" Type="Edm.Int32"/>
                <Property Name="price" Type="Edm.Decimal" Scale="2" Precision="9"/>
                <NavigationProperty Name="currency" Relationship="CatalogService.Books_currency" FromRole="Books" ToRole="Currencies"/>
                <NavigationProperty Name="texts" Relationship="CatalogService.Books_texts_1" FromRole="Books" ToRole="Books_texts"/>
                <NavigationProperty Name="localized" Relationship="CatalogService.Books_localized" FromRole="Books" ToRole="Books_texts"/>
                <Property Name="author_ID" Type="Edm.Int32"/>
                <Property Name="currency_code" Type="Edm.String" MaxLength="3"/>
            </EntityType>
            <EntityType Name="Books_texts">
                <Key>
                    <PropertyRef Name="locale"/>
                    <PropertyRef Name="ID"/>
                </Key>
                <Property Name="locale" Type="Edm.String" MaxLength="14" Nullable="false"/>
                <Property Name="ID" Type="Edm.Int32" Nullable="false"/>
                <Property Name="title" Type="Edm.String" MaxLength="111"/>
                <Property Name="descr" Type="Edm.String" MaxLength="1111"/>
            </EntityType>
            <EntityType Name="Currencies">
                <Key>
                    <PropertyRef Name="code"/>
                </Key>
                <Property Name="name" Type="Edm.String" MaxLength="255"/>
                <Property Name="descr" Type="Edm.String" MaxLength="1000"/>
                <Property Name="code" Type="Edm.String" MaxLength="3" Nullable="false"/>
                <Property Name="symbol" Type="Edm.String" MaxLength="5"/>
                <NavigationProperty Name="texts" Relationship="CatalogService.Currencies_texts_1" FromRole="Currencies" ToRole="Currencies_texts"/>
                <NavigationProperty Name="localized" Relationship="CatalogService.Currencies_localized" FromRole="Currencies" ToRole="Currencies_texts"/>
            </EntityType>
            <EntityType Name="Currencies_texts">
                <Key>
                    <PropertyRef Name="locale"/>
                    <PropertyRef Name="code"/>
                </Key>
                <Property Name="locale" Type="Edm.String" MaxLength="14" Nullable="false"/>
                <Property Name="name" Type="Edm.String" MaxLength="255"/>
                <Property Name="descr" Type="Edm.String" MaxLength="1000"/>
                <Property Name="code" Type="Edm.String" MaxLength="3" Nullable="false"/>
            </EntityType>
            <Association Name="Books_author">
                <End Role="Books" Type="CatalogService.Books" Multiplicity="*"/>
                <End Role="Autors" Type="CatalogService.Autors" Multiplicity="0..1"/>
                <ReferentialConstraint>
                    <Principal Role="Autors">
                        <PropertyRef Name="ID"/>
                    </Principal>
                    <Dependent Role="Books">
                        <PropertyRef Name="author_ID"/>
                    </Dependent>
                </ReferentialConstraint>
            </Association>
            <Association Name="Books_currency">
                <End Role="Books" Type="CatalogService.Books" Multiplicity="*"/>
                <End Role="Currencies" Type="CatalogService.Currencies" Multiplicity="0..1"/>
                <ReferentialConstraint>
                    <Principal Role="Currencies">
                        <PropertyRef Name="code"/>
                    </Principal>
                    <Dependent Role="Books">
                        <PropertyRef Name="currency_code"/>
                    </Dependent>
                </ReferentialConstraint>
            </Association>
            <Association Name="Books_texts_1">
                <End Role="Books" Type="CatalogService.Books" Multiplicity="*"/>
                <End Role="Books_texts" Type="CatalogService.Books_texts" Multiplicity="*">
                    <OnDelete Action="Cascade"/>
                </End>
            </Association>
            <Association Name="Books_localized">
                <End Role="Books" Type="CatalogService.Books" Multiplicity="*"/>
                <End Role="Books_texts" Type="CatalogService.Books_texts" Multiplicity="0..1"/>
                <ReferentialConstraint>
                    <Principal Role="Books_texts">
                        <PropertyRef Name="ID"/>
                    </Principal>
                    <Dependent Role="Books">
                        <PropertyRef Name="ID"/>
                    </Dependent>
                </ReferentialConstraint>
            </Association>
            <Association Name="Currencies_texts_1">
                <End Role="Currencies" Type="CatalogService.Currencies" Multiplicity="*"/>
                <End Role="Currencies_texts" Type="CatalogService.Currencies_texts" Multiplicity="*">
                    <OnDelete Action="Cascade"/>
                </End>
            </Association>
            <Association Name="Currencies_localized">
                <End Role="Currencies" Type="CatalogService.Currencies" Multiplicity="*"/>
                <End Role="Currencies_texts" Type="CatalogService.Currencies_texts" Multiplicity="0..1"/>
                <ReferentialConstraint>
                    <Principal Role="Currencies_texts">
                        <PropertyRef Name="code"/>
                    </Principal>
                    <Dependent Role="Currencies">
                        <PropertyRef Name="code"/>
                    </Dependent>
                </ReferentialConstraint>
            </Association>
            <Annotations Target="CatalogService.Autors/createdAt" xmlns="http://docs.oasis-open.org/odata/ns/edm">
                <Annotation Term="Common.Label" String="Created On"/>
                <Annotation Term="Core.Computed" Bool="true"/>
                <Annotation Term="Core.Immutable" Bool="true"/>
                <Annotation Term="UI.HiddenFilter" Bool="true"/>
            </Annotations>
            <Annotations Target="CatalogService.Autors/createdBy" xmlns="http://docs.oasis-open.org/odata/ns/edm">
                <Annotation Term="Common.Label" String="Created By"/>
                <Annotation Term="Core.Computed" Bool="true"/>
                <Annotation Term="Core.Description" String="User's unique ID"/>
                <Annotation Term="Core.Immutable" Bool="true"/>
                <Annotation Term="UI.HiddenFilter" Bool="true"/>
            </Annotations>
            <Annotations Target="CatalogService.Autors/modifiedAt" xmlns="http://docs.oasis-open.org/odata/ns/edm">
                <Annotation Term="Common.Label" String="Changed On"/>
                <Annotation Term="Core.Computed" Bool="true"/>
                <Annotation Term="UI.HiddenFilter" Bool="true"/>
            </Annotations>
            <Annotations Target="CatalogService.Autors/modifiedBy" xmlns="http://docs.oasis-open.org/odata/ns/edm">
                <Annotation Term="Common.Label" String="Changed By"/>
                <Annotation Term="Core.Computed" Bool="true"/>
                <Annotation Term="Core.Description" String="User's unique ID"/>
                <Annotation Term="UI.HiddenFilter" Bool="true"/>
            </Annotations>
            <Annotations Target="CatalogService.Autors/ID" xmlns="http://docs.oasis-open.org/odata/ns/edm">
                <Annotation Term="Common.Label" String="Author ID"/>
            </Annotations>
            <Annotations Target="CatalogService.Autors/name" xmlns="http://docs.oasis-open.org/odata/ns/edm">
                <Annotation Term="Common.Label" String="Author Name"/>
            </Annotations>
            <Annotations Target="CatalogService.Autors/dateOfBirth" xmlns="http://docs.oasis-open.org/odata/ns/edm">
                <Annotation Term="Common.Label" String="Date of Birth"/>
            </Annotations>
            <Annotations Target="CatalogService.Autors/dateOfDeath" xmlns="http://docs.oasis-open.org/odata/ns/edm">
                <Annotation Term="Common.Label" String="Date of Death"/>
            </Annotations>
            <Annotations Target="CatalogService.Autors/placeOfBirth" xmlns="http://docs.oasis-open.org/odata/ns/edm">
                <Annotation Term="Common.Label" String="Place of Birth"/>
            </Annotations>
            <Annotations Target="CatalogService.Autors/placeOfDeath" xmlns="http://docs.oasis-open.org/odata/ns/edm">
                <Annotation Term="Common.Label" String="Place of Death"/>
            </Annotations>
            <Annotations Target="CatalogService.Books" xmlns="http://docs.oasis-open.org/odata/ns/edm">
                <Annotation Term="UI.Facets">
                    <Collection>
                        <Record Type="UI.CollectionFacet">
                            <PropertyValue Property="Label" String="Book Info"/>
                            <PropertyValue Property="Facets">
                                <Collection>
                                    <Record Type="UI.ReferenceFacet">
                                        <PropertyValue Property="Target" AnnotationPath="@UI.FieldGroup#Main"/>
                                        <PropertyValue Property="Label" String="Main Facet"/>
                                    </Record>
                                </Collection>
                            </PropertyValue>
                        </Record>
                    </Collection>
                </Annotation>
                <Annotation Term="UI.FieldGroup" Qualifier="Main">
                    <Record Type="UI.FieldGroupType">
                        <PropertyValue Property="Data">
                            <Collection>
                                <Record Type="UI.DataField">
                                    <PropertyValue Property="Value" Path="ID"/>
                                </Record>
                                <Record Type="UI.DataField">
                                    <PropertyValue Property="Value" Path="title"/>
                                </Record>
                                <Record Type="UI.DataField">
                                    <PropertyValue Property="Value" Path="author_ID"/>
                                </Record>
                                <Record Type="UI.DataField">
                                    <PropertyValue Property="Value" Path="price"/>
                                </Record>
                                <Record Type="UI.DataField">
                                    <PropertyValue Property="Value" Path="currency_code"/>
                                </Record>
                            </Collection>
                        </PropertyValue>
                    </Record>
                </Annotation>
                <Annotation Term="UI.HeaderInfo">
                    <Record Type="UI.HeaderInfoType">
                        <PropertyValue Property="Description">
                            <Record Type="UI.DataField">
                                <PropertyValue Property="Value" Path="title"/>
                            </Record>
                        </PropertyValue>
                        <PropertyValue Property="Title">
                            <Record Type="UI.DataField">
                                <PropertyValue Property="Value" Path="ID"/>
                            </Record>
                        </PropertyValue>
                        <PropertyValue Property="TypeName" String="Book"/>
                        <PropertyValue Property="TypeNamePlural" String="Books"/>
                    </Record>
                </Annotation>
                <Annotation Term="UI.LineItem">
                    <Collection>
                        <Record Type="UI.DataField">
                            <PropertyValue Property="Value" Path="ID"/>
                        </Record>
                        <Record Type="UI.DataField">
                            <PropertyValue Property="Value" Path="title"/>
                        </Record>
                        <Record Type="UI.DataField">
                            <PropertyValue Property="Value" Path="author/name"/>
                        </Record>
                        <Record Type="UI.DataField">
                            <PropertyValue Property="Value" Path="price"/>
                        </Record>
                        <Record Type="UI.DataField">
                            <PropertyValue Property="Value" Path="currency_code"/>
                        </Record>
                    </Collection>
                </Annotation>
                <Annotation Term="UI.SelectionFields">
                    <Collection>
                        <PropertyPath>ID</PropertyPath>
                        <PropertyPath>title</PropertyPath>
                        <PropertyPath>author/name</PropertyPath>
                    </Collection>
                </Annotation>
            </Annotations>
            <Annotations Target="CatalogService.Books/createdAt" xmlns="http://docs.oasis-open.org/odata/ns/edm">
                <Annotation Term="Common.Label" String="Created On"/>
                <Annotation Term="Core.Computed" Bool="true"/>
                <Annotation Term="Core.Immutable" Bool="true"/>
                <Annotation Term="UI.HiddenFilter" Bool="true"/>
            </Annotations>
            <Annotations Target="CatalogService.Books/createdBy" xmlns="http://docs.oasis-open.org/odata/ns/edm">
                <Annotation Term="Common.Label" String="Created By"/>
                <Annotation Term="Core.Computed" Bool="true"/>
                <Annotation Term="Core.Description" String="User's unique ID"/>
                <Annotation Term="Core.Immutable" Bool="true"/>
                <Annotation Term="UI.HiddenFilter" Bool="true"/>
            </Annotations>
            <Annotations Target="CatalogService.Books/modifiedAt" xmlns="http://docs.oasis-open.org/odata/ns/edm">
                <Annotation Term="Common.Label" String="Changed On"/>
                <Annotation Term="Core.Computed" Bool="true"/>
                <Annotation Term="UI.HiddenFilter" Bool="true"/>
            </Annotations>
            <Annotations Target="CatalogService.Books/modifiedBy" xmlns="http://docs.oasis-open.org/odata/ns/edm">
                <Annotation Term="Common.Label" String="Changed By"/>
                <Annotation Term="Core.Computed" Bool="true"/>
                <Annotation Term="Core.Description" String="User's unique ID"/>
                <Annotation Term="UI.HiddenFilter" Bool="true"/>
            </Annotations>
            <Annotations Target="CatalogService.Books/ID" xmlns="http://docs.oasis-open.org/odata/ns/edm">
                <Annotation Term="Common.Label" String="ID"/>
            </Annotations>
            <Annotations Target="CatalogService.Books/title" xmlns="http://docs.oasis-open.org/odata/ns/edm">
                <Annotation Term="Common.Label" String="Title"/>
            </Annotations>
            <Annotations Target="CatalogService.Books/descr" xmlns="http://docs.oasis-open.org/odata/ns/edm">
                <Annotation Term="Common.Label" String="Description"/>
            </Annotations>
            <Annotations Target="CatalogService.Books/author" xmlns="http://docs.oasis-open.org/odata/ns/edm">
                <Annotation Term="Common.Label" String="Author"/>
            </Annotations>
            <Annotations Target="CatalogService.Books/stock" xmlns="http://docs.oasis-open.org/odata/ns/edm">
                <Annotation Term="Common.Label" String="Stock"/>
            </Annotations>
            <Annotations Target="CatalogService.Books/price" xmlns="http://docs.oasis-open.org/odata/ns/edm">
                <Annotation Term="Common.Label" String="Price"/>
            </Annotations>
            <Annotations Target="CatalogService.Books/currency" xmlns="http://docs.oasis-open.org/odata/ns/edm">
                <Annotation Term="Common.Label" String="Currency"/>
                <Annotation Term="Core.Description" String="Currency code as specified by ISO 4217"/>
            </Annotations>
            <Annotations Target="CatalogService.Books/author_ID" xmlns="http://docs.oasis-open.org/odata/ns/edm">
                <Annotation Term="Common.Label" String="Author"/>
            </Annotations>
            <Annotations Target="CatalogService.Books/currency_code" xmlns="http://docs.oasis-open.org/odata/ns/edm">
                <Annotation Term="Common.Label" String="Currency"/>
                <Annotation Term="Common.ValueList">
                    <Record Type="Common.ValueListType">
                        <PropertyValue Property="Label" String="Currency"/>
                        <PropertyValue Property="CollectionPath" String="Currencies"/>
                        <PropertyValue Property="Parameters">
                            <Collection>
                                <Record Type="Common.ValueListParameterInOut">
                                    <PropertyValue Property="LocalDataProperty" PropertyPath="currency_code"/>
                                    <PropertyValue Property="ValueListProperty" String="code"/>
                                </Record>
                                <Record Type="Common.ValueListParameterDisplayOnly">
                                    <PropertyValue Property="ValueListProperty" String="name"/>
                                </Record>
                            </Collection>
                        </PropertyValue>
                    </Record>
                </Annotation>
                <Annotation Term="Core.Description" String="Currency code as specified by ISO 4217"/>
            </Annotations>
            <Annotations Target="CatalogService.Books_texts/ID" xmlns="http://docs.oasis-open.org/odata/ns/edm">
                <Annotation Term="Common.Label" String="ID"/>
            </Annotations>
            <Annotations Target="CatalogService.Books_texts/title" xmlns="http://docs.oasis-open.org/odata/ns/edm">
                <Annotation Term="Common.Label" String="Title"/>
            </Annotations>
            <Annotations Target="CatalogService.Books_texts/descr" xmlns="http://docs.oasis-open.org/odata/ns/edm">
                <Annotation Term="Common.Label" String="Description"/>
            </Annotations>
            <Annotations Target="CatalogService.Currencies" xmlns="http://docs.oasis-open.org/odata/ns/edm">
                <Annotation Term="UI.Identification">
                    <Collection>
                        <Record Type="UI.DataField">
                            <PropertyValue Property="Value" Path="name"/>
                        </Record>
                    </Collection>
                </Annotation>
            </Annotations>
            <Annotations Target="CatalogService.Currencies/name" xmlns="http://docs.oasis-open.org/odata/ns/edm">
                <Annotation Term="Common.Label" String="Name"/>
            </Annotations>
            <Annotations Target="CatalogService.Currencies/descr" xmlns="http://docs.oasis-open.org/odata/ns/edm">
                <Annotation Term="Common.Label" String="Description"/>
            </Annotations>
            <Annotations Target="CatalogService.Currencies/code" xmlns="http://docs.oasis-open.org/odata/ns/edm">
                <Annotation Term="Common.Label" String="Currency Code"/>
            </Annotations>
            <Annotations Target="CatalogService.Currencies/symbol" xmlns="http://docs.oasis-open.org/odata/ns/edm">
                <Annotation Term="Common.Label" String="Currency Symbol"/>
            </Annotations>
            <Annotations Target="CatalogService.Currencies_texts/name" xmlns="http://docs.oasis-open.org/odata/ns/edm">
                <Annotation Term="Common.Label" String="Name"/>
            </Annotations>
            <Annotations Target="CatalogService.Currencies_texts/descr" xmlns="http://docs.oasis-open.org/odata/ns/edm">
                <Annotation Term="Common.Label" String="Description"/>
            </Annotations>
            <Annotations Target="CatalogService.Currencies_texts/code" xmlns="http://docs.oasis-open.org/odata/ns/edm">
                <Annotation Term="Common.Label" String="Currency Code"/>
            </Annotations>
        </Schema>
    </edmx:DataServices>
</edmx:Edmx>